model,framework,query_idx,final_pass,delivered,artifact_delivered,official_delivered,tokens,cost_usd,runtime_seconds,failure_reason
deepseek,stigmergiagentic_c3,90,False,False,True,False,15359,0.0036964000000000003,0.0,ok
deepseek,stigmergiagentic_c3,91,False,False,True,False,17458,0.00405304,0.0,ok
deepseek,stigmergiagentic_c3,92,False,False,True,False,15030,0.0036373200000000003,0.0,ok
deepseek,stigmergiagentic_c3,93,True,True,True,True,15506,0.0034046000000000002,0.0,ok
deepseek,stigmergiagentic_c3,94,False,False,True,False,14613,0.0033170000000000005,0.0,ok
deepseek,stigmergiagentic_c3,95,False,False,True,False,14878,0.00330734,0.0,ok
deepseek,stigmergiagentic_c3,96,False,False,True,False,14942,0.0032193400000000002,0.0,ok
deepseek,stigmergiagentic_c3,97,False,False,True,False,15454,0.0033789400000000004,0.0,ok
deepseek,stigmergiagentic_c3,98,True,True,True,True,15065,0.00332642,0.0,ok
deepseek,stigmergiagentic_c3,99,False,True,True,True,29739,0.007321600000000001,0.0,ok
deepseek,stigmergiagentic_c3,100,False,False,True,False,18409,0.004718740000000001,0.0,ok
deepseek,stigmergiagentic_c3,101,False,False,True,False,17776,0.0045612,0.0,ok
deepseek,stigmergiagentic_c3,102,False,False,True,False,18262,0.00459356,0.0,ok
deepseek,stigmergiagentic_c3,103,False,False,True,False,17880,0.00474034,0.0,ok
deepseek,stigmergiagentic_c3,104,False,False,True,False,19135,0.0043828,0.0,ok
deepseek,stigmergiagentic_c3,105,False,False,True,False,19024,0.00470258,0.0,ok
deepseek,stigmergiagentic_c3,106,False,False,True,False,18850,0.0047691800000000005,0.0,ok
deepseek,stigmergiagentic_c3,107,False,False,True,False,19814,0.0049382,0.0,ok
deepseek,stigmergiagentic_c3,108,False,False,True,False,20614,0.00462058,0.0,ok
deepseek,stigmergiagentic_c3,109,True,True,True,True,42810,0.01017226,0.0,ok
deepseek,stigmergiagentic_c3,110,True,True,True,True,19012,0.0043267,0.0,ok
deepseek,stigmergiagentic_c3,111,True,True,True,True,19859,0.0049960000000000004,0.0,ok
deepseek,stigmergiagentic_c3,112,False,False,True,False,18867,0.00481064,0.0,ok
deepseek,stigmergiagentic_c3,113,False,False,True,False,21060,0.00487144,0.0,ok
deepseek,stigmergiagentic_c3,114,True,True,True,True,21945,0.00497728,0.0,ok
deepseek,stigmergiagentic_c3,115,False,False,True,False,20226,0.00495674,0.0,ok
deepseek,stigmergiagentic_c3,116,False,False,True,False,20888,0.00505654,0.0,ok
deepseek,stigmergiagentic_c3,117,False,False,True,False,18155,0.00446756,0.0,ok
deepseek,stigmergiagentic_c3,118,False,False,True,False,19358,0.00473112,0.0,ok
deepseek,stigmergiagentic_c3,119,False,False,True,False,19185,0.0048415,0.0,ok
deepseek,stigmergiagentic_c3,120,False,True,True,True,17170,0.00418938,0.0,ok
deepseek,stigmergiagentic_c3,121,True,True,True,True,15114,0.00394772,0.0,ok
deepseek,stigmergiagentic_c3,122,False,True,True,True,20890,0.004799340000000001,0.0,ok
deepseek,stigmergiagentic_c3,123,False,True,True,True,21587,0.005027279999999999,0.0,ok
deepseek,stigmergiagentic_c3,124,False,True,True,True,24324,0.00539254,0.0,ok
deepseek,stigmergiagentic_c3,125,False,True,True,True,19147,0.00440632,0.0,ok
deepseek,stigmergiagentic_c3,126,True,True,True,True,9695,0.0022691,0.0,ok
deepseek,stigmergiagentic_c3,127,False,True,True,True,23306,0.005473100000000001,0.0,ok
deepseek,stigmergiagentic_c3,128,False,True,True,True,19495,0.004570960000000001,0.0,ok
deepseek,stigmergiagentic_c3,129,False,True,True,True,18532,0.00395618,0.0,ok
deepseek,stigmergiagentic_c3,130,False,True,True,True,23613,0.0048994,0.0,ok
deepseek,stigmergiagentic_c3,131,False,True,True,True,22812,0.005032140000000001,0.0,ok
deepseek,stigmergiagentic_c3,132,True,True,True,True,11688,0.0023745400000000005,0.0,ok
deepseek,stigmergiagentic_c3,133,False,True,True,True,22363,0.00435068,0.0,ok
deepseek,stigmergiagentic_c3,134,False,True,True,True,22422,0.005056060000000001,0.0,ok
deepseek,stigmergiagentic_c3,135,False,True,True,True,23290,0.0052639,0.0,ok
deepseek,stigmergiagentic_c3,136,False,True,True,True,20424,0.00462394,0.0,ok
deepseek,stigmergiagentic_c3,137,False,True,True,True,19754,0.0041593,0.0,ok
deepseek,stigmergiagentic_c3,138,False,True,True,True,19424,0.0038950600000000005,0.0,ok
deepseek,stigmergiagentic_c3,139,False,True,True,True,24450,0.006500100000000001,0.0,ok
deepseek,stigmergiagentic_c3,140,False,True,True,True,32583,0.006942120000000001,0.0,ok
deepseek,stigmergiagentic_c3,141,False,True,True,True,33140,0.00782206,0.0,ok
deepseek,stigmergiagentic_c3,142,False,False,True,False,16607,0.0036207,0.0,ok
deepseek,stigmergiagentic_c3,143,False,True,True,True,25582,0.006588060000000001,0.0,ok
deepseek,stigmergiagentic_c3,144,False,True,True,True,24104,0.006407340000000001,0.0,ok
deepseek,stigmergiagentic_c3,145,True,True,True,True,13975,0.0035315800000000003,0.0,ok
deepseek,stigmergiagentic_c3,146,False,False,True,False,14124,0.0034391400000000003,0.0,ok
deepseek,stigmergiagentic_c3,147,False,True,True,True,27112,0.006915139999999999,0.0,ok
deepseek,stigmergiagentic_c3,148,False,False,True,False,12011,0.00312026,0.0,ok
deepseek,stigmergiagentic_c3,149,False,True,True,True,30010,0.0073982200000000005,0.0,ok
deepseek,stigmergiagentic_c3,150,False,False,True,False,16220,0.00356374,0.0,ok
deepseek,stigmergiagentic_c3,151,False,True,True,True,27394,0.006972320000000001,0.0,ok
deepseek,stigmergiagentic_c3,152,False,False,True,False,22804,0.0061699500000000004,0.0,ok
deepseek,stigmergiagentic_c3,153,False,True,True,True,33720,0.00719734,0.0,ok
deepseek,stigmergiagentic_c3,154,True,True,True,True,14072,0.00347276,0.0,ok
deepseek,stigmergiagentic_c3,155,False,True,True,True,28060,0.006913140000000002,0.0,ok
deepseek,stigmergiagentic_c3,156,True,True,True,True,14657,0.0035675400000000006,0.0,ok
deepseek,stigmergiagentic_c3,157,False,True,True,True,35401,0.00787964,0.0,ok
deepseek,stigmergiagentic_c3,158,False,True,True,True,33083,0.007848520000000001,0.0,ok
deepseek,stigmergiagentic_c3,159,False,True,True,True,23537,0.0062133200000000005,0.0,ok
deepseek,stigmergiagentic_c3,160,True,True,True,True,17690,0.00456288,0.0,ok
deepseek,stigmergiagentic_c3,161,False,True,True,True,36698,0.00935838,0.0,ok
deepseek,stigmergiagentic_c3,162,True,True,True,True,19569,0.004910100000000001,0.0,ok
deepseek,stigmergiagentic_c3,163,False,True,True,True,34203,0.009004640000000001,0.0,ok
deepseek,stigmergiagentic_c3,164,False,True,True,True,42306,0.010382379999999998,0.0,ok
deepseek,stigmergiagentic_c3,165,False,True,True,True,32880,0.0088953,0.0,ok
deepseek,stigmergiagentic_c3,166,False,False,True,False,29844,0.008267529999999999,0.0,ok
deepseek,stigmergiagentic_c3,167,False,False,True,False,18882,0.0047960799999999994,0.0,ok
deepseek,stigmergiagentic_c3,168,True,True,True,True,16373,0.0041318399999999995,0.0,ok
deepseek,stigmergiagentic_c3,169,False,False,True,False,21822,0.00520086,0.0,ok
deepseek,stigmergiagentic_c3,170,False,True,True,True,45614,0.01086638,0.0,ok
deepseek,stigmergiagentic_c3,171,True,True,True,True,20541,0.00498382,0.0,ok
deepseek,stigmergiagentic_c3,172,False,True,True,True,35311,0.00943996,0.0,ok
deepseek,stigmergiagentic_c3,173,True,True,True,True,16649,0.0045368000000000006,0.0,ok
deepseek,stigmergiagentic_c3,174,True,True,True,True,16894,0.00416618,0.0,ok
deepseek,stigmergiagentic_c3,175,True,True,True,True,18390,0.00437334,0.0,ok
deepseek,stigmergiagentic_c3,176,False,True,True,True,39613,0.01015254,0.0,ok
deepseek,stigmergiagentic_c3,177,True,True,True,True,20047,0.0044253800000000005,0.0,ok
deepseek,stigmergiagentic_c3,178,False,False,True,False,22010,0.00499234,0.0,ok
deepseek,stigmergiagentic_c3,179,False,True,True,True,40043,0.009319320000000002,0.0,ok
gemma,metagpt_sequential,90,True,True,True,True,18743,0.00297632,81.388,
gemma,metagpt_sequential,91,False,True,True,True,21697,0.00331774,95.2729,commonsense:valid_transportation;commonsense:valid_accommodation;hard:valid_cost
gemma,metagpt_sequential,92,False,True,True,True,18448,0.00288024,107.7738,hard:valid_cost
gemma,metagpt_sequential,93,False,True,True,True,19000,0.0029694,95.6747,commonsense:valid_transportation
gemma,metagpt_sequential,94,False,True,True,True,18206,0.00336728,123.853,commonsense:valid_transportation;commonsense:valid_accommodation;hard:valid_cost
gemma,metagpt_sequential,95,False,True,True,True,18563,0.00297298,169.6342,commonsense:valid_info_sandbox;commonsense:valid_transportation;commonsense:valid_accommodation
gemma,metagpt_sequential,96,False,True,True,True,18749,0.00278381,83.9143,commonsense:valid_info_sandbox
gemma,metagpt_sequential,97,True,True,True,True,19235,0.0029460000000000003,132.7647,
gemma,metagpt_sequential,98,True,True,True,True,9808,0.00207326,46.1228,
gemma,metagpt_sequential,99,False,True,True,True,17763,0.0032772499999999998,86.3702,hard:valid_cost
gemma,metagpt_sequential,100,True,True,True,True,11783,0.00180138,93.0036,
gemma,metagpt_sequential,101,False,True,True,True,22007,0.00356207,136.5188,hard:valid_cost
gemma,metagpt_sequential,102,False,True,True,True,22504,0.0034617700000000003,255.1809,hard:valid_cost
gemma,metagpt_sequential,103,True,True,True,True,11534,0.00178067,68.7921,
gemma,metagpt_sequential,104,False,True,True,True,23588,0.00434873,211.6758,commonsense:valid_info_sandbox;commonsense:valid_transportation
gemma,metagpt_sequential,105,True,True,True,True,23422,0.0035987500000000004,118.0713,
gemma,metagpt_sequential,106,False,True,True,True,23066,0.0035867399999999997,157.7973,commonsense:valid_transportation;commonsense:valid_accommodation
gemma,metagpt_sequential,107,False,True,True,True,24371,0.00385731,106.0452,commonsense:valid_accommodation;hard:valid_cost
gemma,metagpt_sequential,108,False,True,True,True,25226,0.00405502,171.853,commonsense:valid_transportation;hard:valid_cost
gemma,metagpt_sequential,109,False,True,True,True,26366,0.0041280399999999995,123.4785,hard:valid_cost
gemma,metagpt_sequential,110,False,True,True,True,23764,0.00373455,168.5562,commonsense:valid_transportation
gemma,metagpt_sequential,111,True,True,True,True,13048,0.00194899,69.1595,
gemma,metagpt_sequential,112,False,True,True,True,22996,0.0035577300000000003,111.9826,commonsense:valid_accommodation
gemma,metagpt_sequential,113,False,True,True,True,25387,0.00374032,96.1653,commonsense:valid_accommodation
gemma,metagpt_sequential,114,False,True,True,True,26889,0.004043639999999999,136.6869,commonsense:valid_transportation
gemma,metagpt_sequential,115,False,True,True,True,24924,0.0036891199999999997,163.2256,commonsense:valid_accommodation
gemma,metagpt_sequential,118,False,True,True,True,23975,0.00448435,373.2296,commonsense:valid_accommodation
gemma,metagpt_sequential,119,False,True,True,True,23084,0.0035813,134.6284,commonsense:valid_transportation
gemma,metagpt_sequential,120,False,True,True,True,11192,0.002114,177.9372,hard:valid_cost;hard:valid_cuisine
gemma,metagpt_sequential,121,False,True,True,True,13031,0.00197591,169.6646,hard:valid_cost
gemma,metagpt_sequential,122,False,True,True,True,13230,0.00201637,136.6552,hard:valid_cost
gemma,metagpt_sequential,123,False,True,True,True,13818,0.0024682899999999997,174.691,hard:valid_cost
gemma,metagpt_sequential,124,False,True,True,True,15463,0.00235922,157.1901,hard:valid_cost;hard:valid_cuisine
gemma,metagpt_sequential,125,False,True,True,True,12304,0.00190345,151.7461,hard:valid_cost
gemma,metagpt_sequential,126,True,True,True,True,6831,0.0014872,186.5867,
gemma,metagpt_sequential,127,False,True,True,True,14376,0.00260605,78.3758,hard:valid_cost
gemma,metagpt_sequential,128,False,True,True,True,12471,0.00182614,83.8763,hard:valid_cost
gemma,metagpt_sequential,129,False,True,True,True,11890,0.00178141,76.51,hard:valid_cost;hard:valid_cuisine
gemma,metagpt_sequential,130,False,True,True,True,15071,0.00218024,139.18,hard:valid_cost
gemma,metagpt_sequential,131,False,True,True,True,14728,0.00272444,118.7862,hard:valid_cost
gemma,metagpt_sequential,132,False,True,True,True,14257,0.00214423,79.027,hard:valid_cost
gemma,metagpt_sequential,133,False,True,True,True,14500,0.0026124,90.0331,hard:valid_cost
gemma,metagpt_sequential,134,False,True,True,True,14290,0.0022021000000000002,115.4062,hard:valid_cost
gemma,metagpt_sequential,135,False,True,True,True,15009,0.00271074,108.9624,hard:valid_cost
gemma,metagpt_sequential,136,False,True,True,True,13199,0.00238248,77.4913,hard:valid_cost
gemma,metagpt_sequential,137,False,True,True,True,12745,0.00193142,123.9795,hard:valid_cost;hard:valid_cuisine
gemma,metagpt_sequential,138,False,True,True,True,12546,0.0019096,168.6193,hard:valid_cost
gemma,metagpt_sequential,139,False,True,True,True,15422,0.00224494,196.3431,hard:valid_cost;hard:valid_cuisine
gemma,metagpt_sequential,140,False,True,True,True,20352,0.00294551,93.414,commonsense:valid_transportation;hard:valid_cost
gemma,metagpt_sequential,141,False,True,True,True,20575,0.00308996,159.6465,hard:valid_cost
gemma,metagpt_sequential,142,False,True,True,True,20616,0.00378825,150.3883,commonsense:valid_accommodation;hard:valid_room_rule
gemma,metagpt_sequential,143,False,True,True,True,16109,0.0024451000000000004,172.5879,hard:valid_cost
gemma,metagpt_sequential,144,False,True,True,True,14990,0.00246441,179.1925,hard:valid_cost
gemma,metagpt_sequential,145,True,True,True,True,9266,0.00150992,211.633,
gemma,metagpt_sequential,146,False,True,True,True,17315,0.00272818,146.0378,commonsense:valid_accommodation;hard:valid_cost
gemma,metagpt_sequential,147,False,True,True,True,16551,0.00253293,158.1881,commonsense:valid_restaurants;commonsense:valid_accommodation;hard:valid_cost
gemma,metagpt_sequential,148,False,True,True,True,15488,0.00246997,133.5069,commonsense:valid_transportation;hard:valid_cost
gemma,metagpt_sequential,149,False,True,True,True,18558,0.00282837,136.5577,hard:valid_cost
gemma,metagpt_sequential,150,False,True,True,True,20304,0.00369582,150.0943,commonsense:valid_accommodation;hard:valid_cost
gemma,metagpt_sequential,151,True,True,True,True,17107,0.00277759,124.0341,
gemma,metagpt_sequential,152,False,True,True,True,18924,0.00350598,252.7817,hard:valid_room_rule
gemma,metagpt_sequential,153,False,True,True,True,20852,0.00308498,103.3438,hard:valid_cost
gemma,metagpt_sequential,154,False,True,True,True,17565,0.0027875,136.3136,hard:valid_cost
gemma,metagpt_sequential,155,False,True,True,True,17721,0.00327635,274.1183,hard:valid_cost
gemma,metagpt_sequential,156,False,True,True,True,18234,0.00275559,152.5246,hard:valid_cost
gemma,metagpt_sequential,157,False,True,True,True,21699,0.0039558,115.6257,hard:valid_cost
gemma,metagpt_sequential,158,False,True,True,True,20611,0.00319733,267.0014,hard:valid_cost
gemma,planner_executor,90,False,True,True,True,14673,0.00213574,41.0603,commonsense:valid_accommodation
gemma,planner_executor,91,False,True,True,True,16918,0.00248535,124.8297,commonsense:valid_accommodation;hard:valid_cost
gemma,planner_executor,92,False,True,True,True,14329,0.00214763,54.3921,hard:valid_cost
gemma,planner_executor,93,True,True,True,True,14745,0.00272866,40.8839,
gemma,planner_executor,94,False,True,True,True,13711,0.00203339,61.3482,commonsense:valid_transportation;commonsense:valid_accommodation;hard:valid_cost
gemma,planner_executor,95,False,True,True,True,14005,0.00252502,41.6398,commonsense:valid_info_sandbox;commonsense:valid_transportation;commonsense:valid_accommodation
gemma,planner_executor,96,False,True,True,True,14243,0.00255982,45.9566,commonsense:valid_info_sandbox;commonsense:valid_transportation
gemma,planner_executor,97,True,True,True,True,14889,0.0022272999999999998,44.8497,
gemma,planner_executor,98,False,True,True,True,14320,0.00221618,111.8835,commonsense:valid_info_current_city
gemma,planner_executor,99,False,True,True,True,13657,0.00212388,80.4652,commonsense:valid_restaurants;hard:valid_cost;hard:valid_room_type
gemma,planner_executor,100,True,True,True,True,17519,0.0026212099999999997,52.1331,
gemma,planner_executor,101,False,True,True,True,17224,0.00271738,133.594,hard:valid_cost
gemma,planner_executor,102,False,True,True,True,17757,0.00324526,57.5912,hard:valid_cost
gemma,planner_executor,103,True,True,True,True,17161,0.0025349300000000003,62.299,
gemma,planner_executor,104,False,True,True,True,18691,0.00279828,86.5054,commonsense:valid_info_sandbox;commonsense:valid_transportation
gemma,planner_executor,105,True,True,True,True,18676,0.00290454,104.2116,
gemma,planner_executor,106,False,True,True,True,18371,0.00269298,76.231,commonsense:valid_transportation;commonsense:valid_accommodation
gemma,planner_executor,107,False,True,True,True,19380,0.00353102,102.8869,hard:valid_cost
gemma,planner_executor,108,False,True,True,True,20251,0.00300336,76.6165,commonsense:valid_transportation;hard:valid_cost
gemma,planner_executor,109,False,True,True,True,21272,0.00301961,55.3589,hard:valid_cost
gemma,planner_executor,110,False,True,True,True,18647,0.0027826200000000004,100.8564,commonsense:valid_transportation
gemma,planner_executor,111,True,True,True,True,19370,0.0028753900000000002,47.9813,
gemma,planner_executor,112,False,True,True,True,18161,0.0039648999999999995,34.4637,commonsense:valid_accommodation
gemma,planner_executor,113,False,True,True,True,20396,0.00368944,87.0734,commonsense:valid_info_current_city;commonsense:valid_accommodation
gemma,planner_executor,114,False,True,True,True,21621,0.00328044,98.8764,commonsense:valid_info_current_city;commonsense:valid_transportation
gemma,planner_executor,115,False,True,True,True,19881,0.00367585,92.9923,commonsense:valid_info_current_city;commonsense:valid_accommodation
gemma,planner_executor,116,False,True,True,True,20711,0.00320556,157.8252,commonsense:valid_accommodation;hard:valid_cost
gemma,planner_executor,117,False,True,True,True,17700,0.00266227,94.5881,commonsense:valid_transportation
gemma,planner_executor,118,False,True,True,True,29039,0.00504955,93.6373,commonsense:valid_accommodation
gemma,planner_executor,119,False,True,True,True,18324,0.0028591600000000003,112.381,commonsense:valid_transportation
gemma,planner_executor,120,False,True,True,True,7438,0.00130405,24.1952,hard:valid_cost;hard:valid_cuisine
gemma,planner_executor,121,False,True,True,True,9095,0.00134373,40.0118,hard:valid_cost
gemma,planner_executor,122,False,True,True,True,9615,0.00142354,43.8723,hard:valid_cost
gemma,planner_executor,123,False,True,True,True,9911,0.00141518,57.9987,hard:valid_cost
gemma,planner_executor,124,False,True,True,True,11514,0.0016728199999999998,78.0284,hard:valid_cost;hard:valid_cuisine
gemma,planner_executor,125,False,True,True,True,8756,0.00128971,86.4657,hard:valid_cost
gemma,planner_executor,126,False,True,True,True,8827,0.00167669,25.7238,hard:valid_cost
gemma,planner_executor,127,False,True,True,True,10367,0.00156552,58.6553,hard:valid_cost
gemma,planner_executor,128,False,True,True,True,8824,0.001303,58.5285,hard:valid_cost
gemma,planner_executor,129,False,True,True,True,8227,0.00122601,40.7374,hard:valid_cost;hard:valid_cuisine
gemma,planner_executor,130,False,True,True,True,11030,0.00194308,34.941,hard:valid_cost
gemma,planner_executor,131,False,True,True,True,10798,0.00159369,71.2218,hard:valid_cost
gemma,planner_executor,132,False,True,True,True,10625,0.0022963000000000003,21.7961,hard:valid_cost
gemma,planner_executor,133,False,True,True,True,10389,0.0015620999999999999,42.1752,hard:valid_cost
gemma,planner_executor,134,False,True,True,True,10380,0.00152127,33.2405,hard:valid_cost
gemma,planner_executor,135,False,True,True,True,10970,0.00187436,20.5136,hard:valid_cost;hard:valid_cuisine
gemma,planner_executor,136,False,True,True,True,9404,0.0013905599999999999,54.3917,hard:valid_cost
gemma,planner_executor,137,False,True,True,True,8892,0.0013108,85.9901,hard:valid_cost;hard:valid_cuisine
gemma,planner_executor,138,False,True,True,True,8896,0.0013403,40.2305,hard:valid_cost
gemma,planner_executor,139,False,True,True,True,11524,0.00168936,46.797,hard:valid_cost;hard:valid_cuisine
gemma,planner_executor,140,False,True,True,True,15732,0.00228717,65.0394,hard:valid_cost
gemma,planner_executor,141,False,True,True,True,16105,0.0022719,33.25,hard:valid_cost
gemma,planner_executor,142,False,True,True,True,16008,0.0024428799999999997,164.7655,hard:valid_cost;hard:valid_room_type
gemma,planner_executor,143,False,True,True,True,11799,0.0018113,66.221,hard:valid_cost
gemma,planner_executor,144,False,True,True,True,10876,0.00173454,81.7243,hard:valid_cost
gemma,planner_executor,145,True,True,True,True,13083,0.00204586,70.5521,
gemma,planner_executor,146,False,True,True,True,13168,0.0020393,82.0844,commonsense:valid_accommodation;hard:valid_cost
gemma,planner_executor,147,False,True,True,True,12396,0.00180348,45.0673,commonsense:valid_restaurants;hard:valid_cost
gemma,planner_executor,148,False,True,True,True,10988,0.00214408,63.6673,commonsense:valid_transportation;hard:valid_cost
gemma,planner_executor,149,False,True,True,True,14074,0.00209149,48.8175,hard:valid_cost
gemma,planner_executor,150,False,True,True,True,15636,0.0022169299999999998,44.7799,commonsense:valid_accommodation;hard:valid_cost
gemma,planner_executor,151,False,True,True,True,12768,0.0020106,56.0242,hard:valid_room_rule
gemma,planner_executor,152,False,True,True,True,14571,0.00212789,95.5673,commonsense:valid_accommodation
gemma,planner_executor,153,False,True,True,True,16310,0.0029788,58.4313,hard:valid_cost
gemma,planner_executor,154,False,True,True,True,13302,0.00240998,63.178,hard:valid_cost
gemma,planner_executor,155,False,True,True,True,13243,0.00190309,47.5444,hard:valid_cost
gemma,planner_executor,156,False,True,True,True,13794,0.00204897,116.4021,hard:valid_cost
gemma,planner_executor,157,False,True,True,True,16975,0.002382,57.457,hard:valid_cost
gemma,planner_executor,158,False,True,True,True,16118,0.0024614,97.3344,hard:valid_cost
gemma,planner_executor,159,False,True,True,True,10675,0.00165762,96.1243,hard:valid_cost
gemma,planner_executor,160,True,True,True,True,16802,0.00307516,100.6657,
gemma,planner_executor,161,False,True,True,True,17503,0.0026238399999999997,103.2702,commonsense:valid_restaurants;hard:valid_cost
gemma,planner_executor,162,True,True,True,True,19007,0.00284928,69.2703,
gemma,planner_executor,163,False,True,True,True,16187,0.0029864,98.659,hard:valid_cost
gemma,planner_executor,164,False,True,True,True,21106,0.00322914,61.0535,hard:valid_cost
gemma,planner_executor,165,False,True,True,True,15303,0.00234023,84.7333,hard:valid_cost
gemma,planner_executor,166,False,True,True,True,19483,0.0035541,128.1567,hard:valid_cost
gemma,planner_executor,167,False,True,True,True,18134,0.00261392,64.4783,commonsense:valid_transportation
gemma,planner_executor,168,True,True,True,True,15307,0.0024157199999999997,97.0236,
gemma,planner_executor,169,False,True,True,True,21498,0.00313326,136.0981,commonsense:valid_accommodation
gemma,planner_executor,170,False,True,True,True,22417,0.00401322,51.2774,commonsense:valid_info_current_city;commonsense:valid_accommodation;hard:valid_cost
gemma,planner_executor,171,False,True,True,True,20120,0.0036523,169.2453,commonsense:valid_info_current_city
gemma,planner_executor,172,False,True,True,True,16602,0.00250886,77.6582,hard:valid_cost
gemma,planner_executor,173,False,True,True,True,15603,0.0030259,161.9296,commonsense:valid_info_current_city
gemma,planner_executor,174,True,True,True,True,16173,0.0036102,95.2013,
gemma,planner_executor,175,False,True,True,True,17918,0.00284444,178.2541,commonsense:valid_info_current_city
gemma,planner_executor,176,False,True,True,True,18831,0.00281747,94.9388,commonsense:valid_accommodation
gemma,planner_executor,177,False,True,True,True,19811,0.00357084,61.5717,commonsense:valid_info_current_city;commonsense:valid_transportation
gemma,planner_executor,178,False,True,True,True,21810,0.00307455,53.9449,commonsense:valid_accommodation
gemma,planner_executor,179,False,True,True,True,19561,0.00289421,86.0504,hard:valid_cost
gemma,solo_cot,90,False,True,True,True,7908,0.00115179,86.08,commonsense:valid_accommodation;hard:valid_room_type
gemma,solo_cot,91,False,True,True,True,9108,0.0019638,94.5809,commonsense:valid_accommodation;hard:valid_cost
gemma,solo_cot,92,False,True,True,True,13472,0.0020907,269.5782,hard:valid_cost
gemma,solo_cot,93,True,True,True,True,7957,0.00113891,92.9024,
gemma,solo_cot,94,False,True,True,True,7485,0.00109005,48.286,commonsense:valid_transportation;commonsense:valid_accommodation;hard:valid_cost
gemma,solo_cot,95,False,True,True,True,7624,0.00110362,79.9736,commonsense:valid_info_sandbox;commonsense:valid_transportation;commonsense:valid_accommodation
gemma,solo_cot,96,False,True,True,True,7758,0.00120312,50.5134,commonsense:valid_info_sandbox
gemma,solo_cot,97,True,True,True,True,8013,0.00116169,41.0075,
gemma,solo_cot,98,True,True,True,True,7773,0.00121146,45.3257,
gemma,solo_cot,99,False,True,True,True,7408,0.00115256,31.4948,commonsense:valid_restaurants;hard:valid_cost;hard:valid_room_type
gemma,solo_cot,100,True,True,True,True,9377,0.00148568,92.0702,
gemma,solo_cot,101,False,True,True,True,9190,0.00146652,159.4406,hard:valid_cost
gemma,solo_cot,102,False,True,True,True,9508,0.00140379,47.3515,hard:valid_cost
gemma,solo_cot,103,True,True,True,True,9187,0.00148118,115.1167,
gemma,solo_cot,104,False,True,True,True,9962,0.00145506,60.641,commonsense:valid_info_sandbox;commonsense:valid_transportation
gemma,solo_cot,105,False,True,True,True,9927,0.00145601,56.4452,commonsense:valid_info_sandbox
gemma,solo_cot,106,False,True,True,True,9734,0.00143492,76.1639,commonsense:valid_accommodation
gemma,solo_cot,107,False,True,True,True,10312,0.0022736,115.5302,hard:valid_cost
gemma,solo_cot,108,False,True,True,True,10737,0.00155031,64.7662,commonsense:valid_transportation;hard:valid_cost
gemma,solo_cot,109,False,True,True,True,11231,0.0017299,169.0895,hard:valid_cost
gemma,solo_cot,110,False,True,True,True,9946,0.00155234,146.6536,commonsense:valid_info_current_city;commonsense:valid_transportation
gemma,solo_cot,111,True,True,True,True,10303,0.00149114,117.1961,
gemma,solo_cot,112,False,True,True,True,9718,0.0015472,102.2072,commonsense:valid_accommodation
gemma,solo_cot,113,False,True,True,True,10837,0.00157931,61.5567,commonsense:valid_accommodation
gemma,solo_cot,114,False,True,True,True,11458,0.00164779,48.9843,commonsense:valid_info_current_city;commonsense:valid_transportation
gemma,solo_cot,115,False,True,True,True,10557,0.00154691,45.8328,commonsense:valid_accommodation
gemma,solo_cot,116,False,True,True,True,10911,0.0023817,37.5623,commonsense:valid_accommodation
gemma,solo_cot,117,False,True,True,True,9409,0.0014782,48.1179,commonsense:valid_transportation
gemma,solo_cot,118,False,True,True,True,10080,0.0015841,86.6734,commonsense:valid_accommodation
gemma,solo_cot,119,False,True,True,True,9755,0.00153886,42.5785,commonsense:valid_transportation
gemma,solo_cot,120,False,True,True,True,4328,0.00068418,65.2878,hard:valid_cost;hard:valid_cuisine
gemma,solo_cot,121,False,True,True,True,5193,0.00073984,29.2985,hard:valid_cost
gemma,solo_cot,122,False,True,True,True,5399,0.00076787,31.7941,hard:valid_cost
gemma,solo_cot,123,False,True,True,True,5566,0.00085074,76.5629,hard:valid_cost
gemma,solo_cot,124,False,True,True,True,6409,0.00096928,64.3642,hard:valid_cost;hard:valid_cuisine
gemma,solo_cot,125,False,True,True,True,5009,0.00071767,26.722,commonsense:valid_restaurants;hard:valid_cost
gemma,solo_cot,126,True,True,True,True,5014,0.00072532,81.1941,
gemma,solo_cot,127,False,True,True,True,5831,0.00082778,34.6973,hard:valid_cost
gemma,solo_cot,128,False,True,True,True,5065,0.0011048,26.7741,hard:valid_cost
gemma,solo_cot,129,False,True,True,True,4755,0.0006824,31.0538,hard:valid_cost;hard:valid_cuisine
gemma,solo_cot,130,False,True,True,True,6137,0.00086181,42.9752,hard:valid_cost
gemma,solo_cot,131,False,True,True,True,5999,0.00091136,56.4279,hard:valid_cost
gemma,solo_cot,132,False,True,True,True,5898,0.00090216,106.4367,hard:valid_cost
gemma,solo_cot,133,False,True,True,True,5843,0.00088588,62.0937,hard:valid_cost
gemma,solo_cot,134,False,True,True,True,5795,0.0008724,62.539,hard:valid_cost
gemma,solo_cot,135,False,True,True,True,6099,0.00092432,171.1381,hard:valid_cost
gemma,solo_cot,136,False,True,True,True,5343,0.00081874,92.5515,hard:valid_cost
gemma,solo_cot,137,False,True,True,True,5063,0.00077694,47.6812,hard:valid_cost;hard:valid_cuisine
gemma,solo_cot,138,False,True,True,True,5049,0.00072687,35.971,hard:valid_cost
gemma,solo_cot,139,False,True,True,True,6357,0.00089241,34.7679,hard:valid_cost;hard:valid_cuisine
gemma,solo_cot,140,False,True,True,True,8504,0.00130158,100.3537,hard:valid_cost
gemma,solo_cot,141,False,True,True,True,8703,0.00133776,54.6001,hard:valid_cost
gemma,solo_cot,142,False,True,True,True,8613,0.0013223,98.5574,hard:valid_cost;hard:valid_room_type
gemma,solo_cot,143,False,True,True,True,6524,0.00097262,34.2243,hard:valid_cost
gemma,solo_cot,144,False,True,True,True,6060,0.0009123,71.321,hard:valid_cost
gemma,solo_cot,145,True,True,True,True,7188,0.00114334,75.0085,
gemma,solo_cot,146,False,True,True,True,7188,0.00104369,45.3796,commonsense:valid_accommodation;hard:valid_cost
gemma,solo_cot,147,False,True,True,True,6812,0.00107276,54.1869,hard:valid_cost
gemma,solo_cot,148,True,True,True,True,6158,0.0013804,122.9707,
gemma,solo_cot,149,False,True,True,True,7657,0.00111741,45.9065,hard:valid_cost
gemma,solo_cot,150,False,True,True,True,8466,0.00130822,111.1865,commonsense:valid_accommodation;hard:valid_cost
gemma,solo_cot,151,True,True,True,True,6980,0.00103365,49.0613,
gemma,solo_cot,152,False,True,True,True,7925,0.001145,65.0113,commonsense:valid_accommodation;hard:valid_cost
gemma,solo_cot,153,False,True,True,True,8776,0.00125713,53.3853,hard:valid_cost
gemma,solo_cot,154,False,True,True,True,7284,0.00106592,69.2675,hard:valid_cost
gemma,solo_cot,155,False,True,True,True,7261,0.00113484,67.5863,hard:valid_cost
gemma,solo_cot,156,False,True,True,True,7549,0.00117022,60.2168,hard:valid_cost
gemma,solo_cot,157,False,True,True,True,9118,0.0019532,47.6734,hard:valid_cost
gemma,solo_cot,158,False,True,True,True,8658,0.00133094,78.7268,hard:valid_cost
gemma,solo_cot,159,False,True,True,True,5952,0.00089501,47.5585,hard:valid_cost
gemma,solo_cot,160,False,True,True,True,9023,0.00143534,113.0043,hard:valid_cost
gemma,solo_cot,161,False,True,True,True,9334,0.00146536,269.5147,commonsense:valid_restaurants;hard:valid_cost
gemma,solo_cot,162,True,True,True,True,10072,0.00147536,71.2028,
gemma,solo_cot,163,False,True,True,True,8705,0.0019447,43.993,commonsense:valid_accommodation;hard:valid_cost
gemma,solo_cot,164,False,True,True,True,11152,0.00172794,256.272,hard:valid_cost
gemma,solo_cot,165,False,True,True,True,8275,0.0013418,67.0183,hard:valid_cost
gemma,solo_cot,166,False,True,True,True,10354,0.00162688,123.1913,hard:valid_room_type
gemma,solo_cot,167,False,True,True,True,9708,0.00142804,57.9048,commonsense:valid_transportation
gemma,solo_cot,168,True,True,True,True,8311,0.0018725,64.106,
gemma,solo_cot,169,False,True,True,True,11354,0.0024457,45.4997,commonsense:valid_accommodation;hard:valid_cost
gemma,solo_cot,170,False,True,True,True,11815,0.00180828,43.2715,commonsense:valid_accommodation;hard:valid_cost
gemma,solo_cot,171,False,True,True,True,10678,0.00167432,141.9042,hard:valid_cost
gemma,solo_cot,172,False,True,True,True,8930,0.00143376,60.9601,hard:valid_cost
gemma,solo_cot,173,True,True,True,True,8471,0.00128023,62.4177,
gemma,solo_cot,174,True,True,True,True,8622,0.00138258,157.8717,
gemma,solo_cot,175,True,True,True,True,9461,0.00139543,64.5747,
gemma,solo_cot,176,False,True,True,True,10053,0.00158084,71.0669,commonsense:valid_accommodation
gemma,solo_cot,177,False,True,True,True,10531,0.00163554,75.4973,commonsense:valid_transportation
gemma,solo_cot,178,False,True,True,True,11538,0.00165244,57.8245,commonsense:valid_accommodation
gemma,solo_cot,179,False,True,True,True,10398,0.00149899,52.6981,hard:valid_cost
gemma,solo_direct,90,False,True,True,True,7868,0.00114359,192.9094,commonsense:valid_accommodation;hard:valid_room_type
gemma,solo_direct,91,False,True,True,True,9077,0.00129776,158.95,commonsense:valid_accommodation;hard:valid_cost
gemma,solo_direct,92,False,True,True,True,7730,0.0011189,112.627,hard:valid_cost
gemma,solo_direct,93,True,True,True,True,7944,0.00114097,133.7705,
gemma,solo_direct,94,False,True,True,True,7450,0.00116286,198.0,commonsense:valid_transportation;commonsense:valid_accommodation;hard:valid_cost
gemma,solo_direct,95,False,True,True,True,7598,0.00110074,76.3311,commonsense:valid_info_sandbox;commonsense:valid_transportation;commonsense:valid_accommodation
gemma,solo_direct,96,False,True,True,True,7837,0.0017345,104.3866,commonsense:valid_info_sandbox
gemma,solo_direct,97,True,True,True,True,7970,0.00115235,158.1798,
gemma,solo_direct,98,True,True,True,True,7745,0.00120754,163.7771,
gemma,solo_direct,99,False,True,True,True,7388,0.0016132,140.1718,commonsense:valid_restaurants;hard:valid_cost;hard:valid_room_type
gemma,solo_direct,100,True,True,True,True,9349,0.00148176,136.9007,
gemma,solo_direct,101,False,True,True,True,9160,0.0013633,84.4897,hard:valid_cost
gemma,solo_direct,102,False,True,True,True,9478,0.00139939,79.6485,hard:valid_cost
gemma,solo_direct,103,True,True,True,True,9160,0.00137855,67.8989,
gemma,solo_direct,104,False,True,True,True,9952,0.00145826,69.0061,commonsense:valid_info_sandbox
gemma,solo_direct,105,True,True,True,True,9881,0.00155078,147.2823,
gemma,solo_direct,106,False,True,True,True,9704,0.00153432,171.9389,commonsense:valid_accommodation
gemma,solo_direct,107,False,True,True,True,10284,0.00151292,88.2484,hard:valid_cost
gemma,solo_direct,108,False,True,True,True,10731,0.00155503,92.649,hard:valid_cost
gemma,solo_direct,109,False,True,True,True,11208,0.0024249,86.3353,hard:valid_cost
gemma,solo_direct,110,False,True,True,True,9930,0.0021741,68.3415,commonsense:valid_info_current_city;commonsense:valid_transportation
gemma,solo_direct,111,True,True,True,True,10275,0.0014875,104.2057,
gemma,solo_direct,112,False,True,True,True,9686,0.00154168,256.355,commonsense:valid_accommodation
gemma,solo_direct,113,False,True,True,True,10808,0.00169018,208.2447,commonsense:valid_accommodation
gemma,solo_direct,114,False,True,True,True,11398,0.00163199,101.2193,commonsense:valid_info_current_city
gemma,solo_direct,115,False,True,True,True,10529,0.00165554,134.9971,commonsense:valid_accommodation
gemma,solo_direct,116,False,True,True,True,10881,0.00169572,242.6136,commonsense:valid_accommodation
gemma,solo_direct,117,True,True,True,True,9409,0.00148548,139.6722,
gemma,solo_direct,118,False,True,True,True,10050,0.00147225,69.9582,commonsense:valid_accommodation
gemma,solo_direct,119,False,True,True,True,9722,0.00153294,151.7628,commonsense:valid_transportation
gemma,solo_direct,120,False,True,True,True,4294,0.0009473,114.7139,hard:valid_cost;hard:valid_cuisine
gemma,solo_direct,121,False,True,True,True,5157,0.00078724,121.7963,hard:valid_cost
gemma,solo_direct,122,False,True,True,True,5371,0.00076423,53.807,hard:valid_cost
gemma,solo_direct,123,False,True,True,True,5535,0.00078755,66.6854,hard:valid_cost
gemma,solo_direct,124,False,True,True,True,6369,0.00096056,137.9566,hard:valid_cost;hard:valid_cuisine
gemma,solo_direct,125,False,True,True,True,4975,0.00071175,47.0318,commonsense:valid_restaurants;hard:valid_cost
gemma,solo_direct,126,True,True,True,True,4984,0.00072092,67.5919,
gemma,solo_direct,127,False,True,True,True,5780,0.0008154,46.4105,hard:valid_cost
gemma,solo_direct,128,False,True,True,True,5038,0.00073169,71.3757,hard:valid_cost
gemma,solo_direct,129,False,True,True,True,4734,0.0007314,65.8836,hard:valid_cost;hard:valid_cuisine
gemma,solo_direct,130,False,True,True,True,6109,0.00085817,42.4314,hard:valid_cost
gemma,solo_direct,131,False,True,True,True,5970,0.0008446,107.714,hard:valid_cost
gemma,solo_direct,132,False,True,True,True,5867,0.00083546,92.2314,hard:valid_cost
gemma,solo_direct,133,False,True,True,True,5796,0.00087436,93.0702,hard:valid_cost
gemma,solo_direct,134,False,True,True,True,5781,0.00081378,48.0684,hard:valid_cost
gemma,solo_direct,135,False,True,True,True,6071,0.0012955,109.9443,hard:valid_cost
gemma,solo_direct,136,False,True,True,True,5305,0.0011396,46.7927,hard:valid_cost
gemma,solo_direct,137,False,True,True,True,5029,0.00071777,52.7861,hard:valid_cost;hard:valid_cuisine
gemma,solo_direct,138,False,True,True,True,5021,0.00072323,51.5162,hard:valid_cost
gemma,solo_direct,139,False,True,True,True,6329,0.00088877,58.1225,hard:valid_cost;hard:valid_cuisine
gemma,solo_direct,140,False,True,True,True,8463,0.00120369,91.5465,hard:valid_cost
gemma,solo_direct,141,False,True,True,True,8659,0.00123642,61.6564,hard:valid_cost
gemma,solo_direct,142,False,True,True,True,8542,0.00121171,93.4594,commonsense:not_absent
gemma,solo_direct,143,False,True,True,True,6477,0.00103132,126.0711,hard:valid_cost
gemma,solo_direct,144,False,True,True,True,6031,0.00090828,63.2923,hard:valid_cost
gemma,solo_direct,145,True,True,True,True,7130,0.00105115,74.1852,
gemma,solo_direct,146,False,True,True,True,7158,0.00103929,54.6529,commonsense:valid_accommodation;hard:valid_cost
gemma,solo_direct,147,False,True,True,True,6773,0.00106444,77.6319,commonsense:valid_restaurants;hard:valid_cost
gemma,solo_direct,148,False,True,True,True,6093,0.00090684,64.9908,commonsense:valid_transportation;hard:valid_cost
gemma,solo_direct,149,False,True,True,True,7615,0.00110845,76.6092,hard:valid_cost
gemma,solo_direct,150,False,True,True,True,8433,0.0013023,147.5085,commonsense:valid_accommodation;hard:valid_cost
gemma,solo_direct,151,True,True,True,True,6950,0.00110378,93.3076,
gemma,solo_direct,152,False,True,True,True,7898,0.00114174,43.2505,commonsense:valid_accommodation
gemma,solo_direct,153,False,True,True,True,8753,0.0018916,95.6349,hard:valid_cost
gemma,solo_direct,154,False,True,True,True,7256,0.0011396,66.968,hard:valid_cost
gemma,solo_direct,155,False,True,True,True,7223,0.00112692,124.7046,hard:valid_cost
gemma,solo_direct,156,False,True,True,True,7521,0.00108673,133.252,hard:valid_cost
gemma,solo_direct,157,False,True,True,True,9084,0.00138252,110.6939,hard:valid_cost
gemma,solo_direct,158,False,True,True,True,8625,0.00123425,100.2004,hard:valid_cost
gemma,solo_direct,159,False,True,True,True,5922,0.0013293,233.2393,hard:valid_cost
gemma,solo_direct,160,False,True,True,True,8999,0.00133637,62.1985,hard:valid_cost
gemma,solo_direct,161,False,True,True,True,9311,0.00146344,101.8578,commonsense:valid_restaurants;hard:valid_cost
gemma,solo_direct,162,True,True,True,True,10048,0.00221,284.7466,
gemma,solo_direct,163,False,True,True,True,8677,0.00129776,81.4507,commonsense:valid_accommodation;hard:valid_cost
gemma,solo_direct,164,False,True,True,True,11124,0.00160637,72.9523,hard:valid_cost
gemma,solo_direct,165,False,True,True,True,8250,0.0012495,63.8653,hard:valid_cost
gemma,solo_direct,166,False,True,True,True,10315,0.0015087,68.2958,hard:valid_cost
gemma,solo_direct,167,False,True,True,True,9681,0.00152824,79.889,commonsense:valid_transportation
gemma,solo_direct,168,True,True,True,True,8285,0.0018679,209.5325,
gemma,solo_direct,169,False,True,True,True,11337,0.0024456,172.2954,commonsense:valid_accommodation
gemma,solo_direct,170,False,True,True,True,11785,0.0016798,122.8472,commonsense:valid_accommodation;hard:valid_cost
gemma,solo_direct,171,False,True,True,True,10643,0.00155434,129.3389,hard:valid_cost
gemma,solo_direct,172,False,True,True,True,8879,0.00142064,209.4043,hard:valid_cost
gemma,solo_direct,173,True,True,True,True,8423,0.00136018,210.5199,
gemma,solo_direct,174,True,True,True,True,8605,0.00138306,180.765,
gemma,solo_direct,175,True,True,True,True,9418,0.00148674,229.9126,
gemma,solo_direct,176,False,True,True,True,10024,0.0022046,153.8541,commonsense:valid_accommodation
gemma,solo_direct,177,False,True,True,True,10501,0.00163082,78.6165,commonsense:valid_transportation
gemma,solo_direct,178,False,True,True,True,11510,0.0016488,117.9272,commonsense:valid_accommodation
gemma,solo_direct,179,False,True,True,True,10370,0.00160494,166.6759,hard:valid_cost
gemma,solo_self_refine,90,True,True,True,True,17256,0.0031252800000000002,122.4665,
gemma,solo_self_refine,91,False,True,True,True,19510,0.00298022,225.3029,commonsense:valid_accommodation;hard:valid_cost
gemma,solo_self_refine,92,False,True,True,True,16877,0.0024492100000000003,71.9277,hard:valid_cost
gemma,solo_self_refine,93,True,True,True,True,7957,0.00122604,56.4312,
gemma,solo_self_refine,94,False,True,True,True,16472,0.0025023,115.2291,commonsense:valid_restaurants;commonsense:valid_transportation;commonsense:valid_accommodation;hard:valid_cost
gemma,solo_self_refine,95,False,True,True,True,16594,0.0030742599999999997,137.9659,commonsense:valid_info_sandbox;commonsense:valid_transportation;commonsense:valid_accommodation
gemma,solo_self_refine,96,False,True,True,True,16784,0.00249947,160.6124,commonsense:valid_info_sandbox
gemma,solo_self_refine,97,True,True,True,True,7985,0.0011543,68.4669,
gemma,solo_self_refine,98,False,True,True,True,16715,0.00249262,114.311,hard:valid_cost
gemma,solo_self_refine,99,False,True,True,True,16100,0.00248769,94.022,hard:valid_cost;hard:valid_room_type
gemma,solo_self_refine,100,True,True,True,True,9365,0.0020728,63.4626,
gemma,solo_self_refine,101,False,True,True,True,20239,0.00379248,179.3546,hard:valid_cost
gemma,solo_self_refine,102,False,True,True,True,20690,0.00324656,187.6021,hard:valid_cost
gemma,solo_self_refine,103,True,True,True,True,9155,0.00147176,112.3601,
gemma,solo_self_refine,104,False,True,True,True,21853,0.0034314799999999998,172.0387,commonsense:valid_info_current_city;commonsense:reasonable_city_route;commonsense:valid_transportation;commonsense:not_absent
gemma,solo_self_refine,105,False,True,True,True,21566,0.00336998,148.4,commonsense:valid_restaurants
gemma,solo_self_refine,106,False,True,True,True,21258,0.00321743,145.9513,commonsense:valid_accommodation
gemma,solo_self_refine,107,False,True,True,True,22424,0.0032882600000000003,97.8267,hard:valid_cost
gemma,solo_self_refine,108,False,True,True,True,23097,0.00355215,123.6723,commonsense:valid_transportation;hard:valid_cost
gemma,solo_self_refine,109,False,True,True,True,24082,0.0035762800000000003,110.4401,hard:valid_cost
gemma,solo_self_refine,110,False,True,True,True,21519,0.00312316,151.357,commonsense:valid_transportation
gemma,solo_self_refine,111,True,True,True,True,10290,0.00159842,85.1107,
gemma,solo_self_refine,112,False,True,True,True,21276,0.00324258,147.5299,commonsense:valid_accommodation
gemma,solo_self_refine,113,False,True,True,True,23512,0.00434124,377.773,commonsense:valid_accommodation
gemma,solo_self_refine,114,False,True,True,True,24612,0.00378628,169.5888,commonsense:valid_transportation
gemma,solo_self_refine,115,False,True,True,True,23002,0.00418481,58.0355,commonsense:valid_accommodation
gemma,solo_self_refine,116,False,True,True,True,23626,0.0035534900000000003,100.3548,commonsense:valid_accommodation
gemma,solo_self_refine,117,False,True,True,True,20477,0.0032661599999999997,97.8164,commonsense:valid_transportation
gemma,solo_self_refine,118,False,True,True,True,21911,0.00329925,206.4235,commonsense:valid_accommodation
gemma,solo_self_refine,119,False,True,True,True,21251,0.0033173400000000002,141.6192,commonsense:valid_info_current_city;commonsense:reasonable_city_route;commonsense:valid_transportation
gemma,solo_self_refine,120,False,True,True,True,9623,0.00151076,113.8757,hard:valid_cost;hard:valid_cuisine
gemma,solo_self_refine,121,False,True,True,True,11258,0.0020593,78.6417,hard:valid_cost
gemma,solo_self_refine,122,False,True,True,True,11668,0.00171384,64.9831,hard:valid_cost
gemma,solo_self_refine,123,False,True,True,True,12037,0.00177019,43.6181,hard:valid_cost
gemma,solo_self_refine,124,False,True,True,True,13759,0.0019455599999999998,72.706,hard:valid_cost;hard:valid_cuisine
gemma,solo_self_refine,125,False,True,True,True,10933,0.0019347,76.169,commonsense:valid_restaurants;hard:valid_cost
gemma,solo_self_refine,126,True,True,True,True,5001,0.00077658,38.952,
gemma,solo_self_refine,127,False,True,True,True,12570,0.0022892,89.2478,hard:valid_cost
gemma,solo_self_refine,128,False,True,True,True,11143,0.00167449,47.052,hard:valid_cost
gemma,solo_self_refine,129,False,True,True,True,10417,0.00154885,55.8968,hard:valid_cost;hard:valid_cuisine
gemma,solo_self_refine,130,False,True,True,True,13254,0.00200359,121.6489,hard:valid_cost
gemma,solo_self_refine,131,False,True,True,True,12922,0.00182686,67.7194,hard:valid_cost
gemma,solo_self_refine,132,True,True,True,True,5872,0.0012587,63.6415,
gemma,solo_self_refine,133,False,True,True,True,12516,0.00222368,57.7066,hard:valid_cost
gemma,solo_self_refine,134,False,True,True,True,12550,0.00183545,75.5764,hard:valid_cost
gemma,solo_self_refine,135,False,True,True,True,13128,0.00275786,54.91,hard:valid_cost
gemma,solo_self_refine,136,False,True,True,True,11555,0.00213438,68.8798,hard:valid_cost
gemma,solo_self_refine,137,False,True,True,True,11043,0.00173394,144.0095,commonsense:reasonable_city_route;hard:valid_cost;hard:valid_cuisine
gemma,solo_self_refine,138,False,True,True,True,11005,0.00202106,110.3008,hard:valid_cost
gemma,solo_self_refine,139,False,True,True,True,13618,0.0019686599999999997,46.0045,commonsense:reasonable_city_route;hard:valid_cost;hard:valid_cuisine
gemma,solo_self_refine,140,False,True,True,True,18234,0.00267909,91.9361,hard:valid_cost
gemma,solo_self_refine,141,False,True,True,True,18782,0.00279298,106.2197,commonsense:valid_restaurants;hard:valid_cost
gemma,solo_self_refine,142,False,True,True,True,18523,0.00272849,82.0301,commonsense:not_absent
gemma,solo_self_refine,143,False,True,True,True,14379,0.00212077,53.2046,hard:valid_cost
gemma,solo_self_refine,144,False,True,True,True,13504,0.0020888,87.0403,hard:valid_cost
gemma,solo_self_refine,145,True,True,True,True,7169,0.0015901,76.5457,
gemma,solo_self_refine,146,False,True,True,True,15723,0.0023657599999999997,76.3195,commonsense:valid_accommodation;hard:valid_cost
gemma,solo_self_refine,147,False,True,True,True,14922,0.0023869399999999997,143.5458,hard:valid_cost
gemma,solo_self_refine,148,False,True,True,True,13761,0.0021366,129.6974,commonsense:valid_transportation;hard:valid_cost
gemma,solo_self_refine,149,False,True,True,True,16724,0.00252444,86.0912,hard:valid_cost
gemma,solo_self_refine,150,False,True,True,True,18319,0.00262647,70.7606,commonsense:valid_accommodation;hard:valid_cost
gemma,solo_self_refine,151,True,True,True,True,6969,0.0015459,67.3721,
gemma,solo_self_refine,152,False,True,True,True,17193,0.00265922,162.5786,commonsense:valid_accommodation
gemma,solo_self_refine,153,False,True,True,True,18913,0.00280612,122.1769,hard:valid_cost
gemma,solo_self_refine,154,False,True,True,True,15912,0.0029940799999999997,90.3207,commonsense:reasonable_city_route;commonsense:not_absent
gemma,solo_self_refine,155,False,True,True,True,15780,0.0022839,69.6481,hard:valid_cost
gemma,solo_self_refine,156,False,True,True,True,16407,0.0024611800000000003,115.002,hard:valid_cost
gemma,solo_self_refine,157,False,True,True,True,19501,0.00286681,105.0456,hard:valid_cost
gemma,solo_self_refine,158,False,True,True,True,18594,0.00275267,93.2499,hard:valid_cost
gemma,solo_self_refine,159,False,True,True,True,13222,0.00203723,90.2589,hard:valid_cost
gemma,solo_self_refine,160,False,True,True,True,19816,0.0029168299999999996,86.9953,hard:valid_cost
gemma,solo_self_refine,161,False,True,True,True,20423,0.0037310100000000003,65.3925,commonsense:valid_restaurants
gemma,solo_self_refine,162,True,True,True,True,10053,0.002208,38.1223,
gemma,solo_self_refine,163,False,True,True,True,19169,0.00292976,72.768,hard:valid_cost
gemma,solo_self_refine,164,False,True,True,True,24086,0.00446236,115.6197,hard:valid_cost
gemma,solo_self_refine,165,False,True,True,True,18319,0.0028267500000000003,168.5929,hard:valid_cost
gemma,solo_self_refine,166,False,True,True,True,22472,0.00345903,78.7972,hard:valid_cost
gemma,solo_self_refine,167,False,True,True,True,21215,0.00332968,162.4624,commonsense:valid_transportation
gemma,solo_self_refine,168,True,True,True,True,8295,0.00125285,36.0722,
gemma,solo_self_refine,169,False,True,True,True,24422,0.0037451200000000002,184.6744,commonsense:valid_accommodation
gemma,solo_self_refine,170,False,True,True,True,25282,0.0038582399999999998,115.1778,commonsense:valid_accommodation;hard:valid_cost
gemma,solo_self_refine,171,False,True,True,True,23097,0.00358491,180.2876,hard:valid_cost
gemma,solo_self_refine,172,False,True,True,True,19625,0.00301138,114.8254,hard:valid_cost
gemma,solo_self_refine,173,True,True,True,True,8444,0.00127322,38.7225,
gemma,solo_self_refine,174,True,True,True,True,8616,0.00129058,53.4497,
gemma,solo_self_refine,175,True,True,True,True,9453,0.0020907,78.8372,
gemma,solo_self_refine,176,False,True,True,True,21914,0.00342624,96.3298,commonsense:valid_accommodation
gemma,solo_self_refine,177,False,True,True,True,22760,0.00352492,97.6957,commonsense:valid_transportation
gemma,solo_self_refine,178,False,True,True,True,24730,0.00450852,105.0919,commonsense:valid_accommodation
gemma,solo_self_refine,179,False,True,True,True,22432,0.00420944,78.4394,hard:valid_cost
gemma,stigmergiagentic_c3,90,False,False,True,False,15765,0.0024657999999999998,0.0,ok
gemma,stigmergiagentic_c3,91,False,False,True,False,18141,0.00324868,0.0,ok
gemma,stigmergiagentic_c3,92,False,True,True,True,30948,0.00464216,0.0,ok
gemma,stigmergiagentic_c3,93,True,True,True,True,15860,0.0028475899999999997,0.0,ok
gemma,stigmergiagentic_c3,94,False,False,True,False,14889,0.0022424100000000002,0.0,ok
gemma,stigmergiagentic_c3,95,False,False,True,False,15194,0.0022813,0.0,ok
gemma,stigmergiagentic_c3,96,False,False,True,False,15431,0.00222378,0.0,ok
gemma,stigmergiagentic_c3,97,True,True,True,True,16077,0.00244139,0.0,ok
gemma,stigmergiagentic_c3,98,True,True,True,True,15489,0.0019062,0.0,ok
gemma,stigmergiagentic_c3,99,False,False,True,False,14755,0.0021389,0.0,ok
gemma,stigmergiagentic_c3,100,True,True,True,True,18695,0.00286224,0.0,ok
gemma,stigmergiagentic_c3,101,False,True,True,True,36660,0.0058468800000000005,0.0,ok
gemma,stigmergiagentic_c3,102,False,True,True,True,37922,0.00589781,0.0,ok
gemma,stigmergiagentic_c3,103,True,True,True,True,18310,0.0027533,0.0,ok
gemma,stigmergiagentic_c3,104,False,False,True,False,19854,0.0030031199999999997,0.0,ok
gemma,stigmergiagentic_c3,105,False,False,True,False,19744,0.00288422,0.0,ok
gemma,stigmergiagentic_c3,106,False,False,True,False,19730,0.0029833999999999998,0.0,ok
gemma,stigmergiagentic_c3,107,False,True,True,True,41298,0.0084989,0.0,ok
gemma,stigmergiagentic_c3,108,False,False,True,False,21420,0.00320741,0.0,ok
gemma,stigmergiagentic_c3,109,False,True,True,True,44849,0.00655577,0.0,ok
gemma,stigmergiagentic_c3,110,False,False,True,False,19843,0.00309964,0.0,ok
gemma,stigmergiagentic_c3,111,True,True,True,True,20550,0.002975,0.0,ok
gemma,stigmergiagentic_c3,112,False,False,True,False,19374,0.00298014,0.0,ok
gemma,stigmergiagentic_c3,113,False,False,True,False,21663,0.00328375,0.0,ok
gemma,stigmergiagentic_c3,114,False,False,True,False,22797,0.00409443,0.0,ok
gemma,stigmergiagentic_c3,115,False,False,True,False,21062,0.00308806,0.0,ok
gemma,stigmergiagentic_c3,116,False,False,True,False,21770,0.0031636,0.0,ok
gemma,stigmergiagentic_c3,117,False,False,True,False,18818,0.0028703599999999998,0.0,ok
gemma,stigmergiagentic_c3,118,False,False,True,False,20099,0.0037878800000000004,0.0,ok
gemma,stigmergiagentic_c3,119,False,False,True,False,19461,0.00286468,0.0,ok
gemma,stigmergiagentic_c3,120,False,True,True,True,17217,0.00262028,0.0,ok
gemma,stigmergiagentic_c3,121,False,True,True,True,20696,0.0031135399999999997,0.0,ok
gemma,stigmergiagentic_c3,122,False,True,True,True,21456,0.0032627999999999997,0.0,ok
gemma,stigmergiagentic_c3,123,False,True,True,True,22136,0.00371374,0.0,ok
gemma,stigmergiagentic_c3,124,False,True,True,True,25526,0.0036475599999999998,0.0,ok
gemma,stigmergiagentic_c3,125,False,False,True,False,9954,0.0015298,0.0,ok
gemma,stigmergiagentic_c3,126,True,True,True,True,9968,0.0014946,0.0,ok
gemma,stigmergiagentic_c3,127,False,True,True,True,23161,0.0037482199999999996,0.0,ok
gemma,stigmergiagentic_c3,128,False,True,True,True,20104,0.00311304,0.0,ok
gemma,stigmergiagentic_c3,129,False,True,True,True,18887,0.0027911999999999998,0.0,ok
gemma,stigmergiagentic_c3,130,False,True,True,True,24460,0.00356118,0.0,ok
gemma,stigmergiagentic_c3,131,False,True,True,True,23916,0.00431126,0.0,ok
gemma,stigmergiagentic_c3,132,False,True,True,True,23521,0.0039041,0.0,ok
gemma,stigmergiagentic_c3,133,False,True,True,True,23218,0.00415704,0.0,ok
gemma,stigmergiagentic_c3,134,False,True,True,True,23156,0.0038585799999999995,0.0,ok
gemma,stigmergiagentic_c3,135,False,True,True,True,24272,0.00354192,0.0,ok
gemma,stigmergiagentic_c3,136,False,True,True,True,21283,0.00358894,0.0,ok
gemma,stigmergiagentic_c3,137,False,True,True,True,20161,0.00303203,0.0,ok
gemma,stigmergiagentic_c3,138,False,True,True,True,20123,0.00300626,0.0,ok
gemma,stigmergiagentic_c3,139,False,True,True,True,25391,0.00415715,0.0,ok
gemma,stigmergiagentic_c3,140,False,True,True,True,33889,0.005087390000000001,0.0,ok
gemma,stigmergiagentic_c3,141,False,True,True,True,34681,0.005858100000000001,0.0,ok
gemma,stigmergiagentic_c3,142,False,False,True,False,25729,0.0044665799999999995,0.0,ok
gemma,stigmergiagentic_c3,143,False,True,True,True,25941,0.00446928,0.0,ok
gemma,stigmergiagentic_c3,144,False,True,True,True,24154,0.00382808,0.0,ok
gemma,stigmergiagentic_c3,145,True,True,True,True,14284,0.00218813,0.0,ok
gemma,stigmergiagentic_c3,146,False,False,True,False,14320,0.00223204,0.0,ok
gemma,stigmergiagentic_c3,147,False,False,True,False,13570,0.0024915,0.0,ok
gemma,stigmergiagentic_c3,148,True,True,True,True,12242,0.00183496,0.0,ok
gemma,stigmergiagentic_c3,149,False,True,True,True,30510,0.004606900000000001,0.0,ok
gemma,stigmergiagentic_c3,150,False,False,True,False,16849,0.00303263,0.0,ok
gemma,stigmergiagentic_c3,151,True,True,True,True,13908,0.0026482800000000003,0.0,ok
gemma,stigmergiagentic_c3,152,False,False,True,False,15750,0.00292472,0.0,ok
gemma,stigmergiagentic_c3,153,False,True,True,True,35033,0.0058419299999999995,0.0,ok
gemma,stigmergiagentic_c3,154,False,True,True,True,29056,0.00456288,0.0,ok
gemma,stigmergiagentic_c3,155,False,True,True,True,28925,0.00428232,0.0,ok
gemma,stigmergiagentic_c3,156,True,True,True,True,30104,0.00450586,0.0,ok
gemma,stigmergiagentic_c3,157,False,True,True,True,36385,0.00492984,0.0,ok
gemma,stigmergiagentic_c3,158,False,True,True,True,34518,0.0058351,0.0,ok
gemma,stigmergiagentic_c3,159,False,True,True,True,23728,0.0041966799999999995,0.0,ok
gemma,stigmergiagentic_c3,160,True,True,True,True,27002,0.0036853800000000003,0.0,ok
gemma,stigmergiagentic_c3,161,False,False,True,False,18774,0.0034852,0.0,ok
gemma,stigmergiagentic_c3,162,True,True,True,True,20093,0.0037895,0.0,ok
gemma,stigmergiagentic_c3,163,False,False,True,False,26051,0.00453858,0.0,ok
gemma,stigmergiagentic_c3,164,False,True,True,True,44712,0.0076829,0.0,ok
gemma,stigmergiagentic_c3,165,False,True,True,True,33010,0.00578536,0.0,ok
gemma,stigmergiagentic_c3,166,False,True,True,True,41215,0.00697914,0.0,ok
gemma,stigmergiagentic_c3,167,False,False,True,False,19360,0.0029522,0.0,ok
gemma,stigmergiagentic_c3,168,True,True,True,True,16571,0.00259586,0.0,ok
gemma,stigmergiagentic_c3,169,False,False,True,False,22855,0.00427632,0.0,ok
gemma,stigmergiagentic_c3,170,False,False,True,False,23582,0.00348806,0.0,ok
gemma,stigmergiagentic_c3,171,True,True,True,True,21278,0.00310564,0.0,ok
gemma,stigmergiagentic_c3,172,False,True,True,True,35586,0.0055102,0.0,ok
gemma,stigmergiagentic_c3,173,True,True,True,True,16860,0.00325878,0.0,ok
gemma,stigmergiagentic_c3,174,True,True,True,True,17218,0.00331346,0.0,ok
gemma,stigmergiagentic_c3,175,True,True,True,True,18868,0.00288525,0.0,ok
gemma,stigmergiagentic_c3,176,False,False,True,False,20046,0.0036733399999999998,0.0,ok
gemma,stigmergiagentic_c3,177,True,True,True,True,20968,0.0031375500000000002,0.0,ok
gemma,stigmergiagentic_c3,178,False,False,True,False,23004,0.0035336,0.0,ok
gemma,stigmergiagentic_c3,179,False,True,True,True,41510,0.006850719999999999,0.0,ok
